1	1001_осеннее_селфи_78fc3d1f1e1c0e1e.jpg	bad	лист_и_телефон_на_лице
2	1002_осеннее_селфи_242707060603ffff.jpg	bad	лист_на_лице
3	1006_осеннее_селфи_c343610162c7cfcf.jpg	bad	закрытые_глаза
4	1011_летнее_селфи_000706aeef8f077f.jpg	bad	очки
5	1013_летнее_селфи_030303071f7c7b07.jpg	ok	брак
6	1014_летнее_селфи_1c1901133f3e19c3.jpg	bad	предмет_на_лице
7	1016_летнее_селфи_0c08183c3878f0cf.jpg	ok	брак
8	1017_летнее_селфи_fb91e3c7c7c7c7c0.jpg	bad	второй_человек
9	1018_летнее_селфи_898181936fd7e73f.jpg	bad	маска
10	1020_летнее_селфи_87c7c7222303bfff.jpg	bad	закрытые_глаза
11	1021_летнее_селфи_c0403878f8f64180.jpg	ok	брак
12	1023_селфи_в_машине_0080e0754c003fff.jpg	bad	второй_человек
13	1025_селфи_в_машине_0e3c307c78303070.jpg	bad	мелкое_лицо
14	1027_селфи_в_машине_0e3030701f1f1f3f.jpg	bad	очки
15	1028_селфи_в_машине_1e1f3b393f190800.jpg	bad	очки
16	1029_селфи_в_машине_00701404fcf8f9ff.jpg	bad	очки
17	1030_селфи_в_машине_ffff00e0c08080ff.jpg	bad	отражение_мелкое_лицо
18	1031_селфи_в_машине_9f1f3f0c1c1c0c00.jpg	bad	очки
19	1032_селфи_в_машине_87e381e1f8e0e6fe.jpg	bad	очки
20	1033_селфи_в_машине_011129f8f8f8e094.jpg	bad	очки
21	1034_селфи_в_машине_f8f9e1c0802113ff.jpg	bad	отражение_мелкое_лицо
22	1037_селфи_в_машине_7901043cfaf1f1c1.jpg	ok	брак
23	1038_селфи_в_машине_040e18a0b8d8efff.jpg	ok	брак
24	1039_селфи_в_машине_020e0c2d437d7d7b.jpg	ok	брак
25	1040_селфи_в_машине_d7c378181101b3ff.jpg	bad	очки
26	1042_селфи_в_машине_87878199f9c1e1f9.jpg	bad	очки
27	1043_селфи_в_машине_98f008006021ffff.jpg	bad	отражение_мелкое_лицо
28	1045_селфи_в_машине_e0e0e858143f3e03.webp	bad	рука_на_лице
29	1046_селфи_в_машине_0c0783830787ffff.jpg	bad	мужчина
30	1047_девушка_эстетика_ffdf81899991c3e7.jpg	bad	водяной_знак
31	1051_девушка_эстетика_c0c30b8ce0f2ffff.jpg	bad	телефон_на_лице
32	1052_девушка_эстетика_e7ffcfc0f8f080c0.jpg	bad	профиль
33	1057_девушка_эстетика_c3c3c300c7e7e147.jpg	bad	рука_на_лице
34	1062_девушка_тумблер_7f3e3e3e3e3e3e22.jpg	ok	брак
35	1065_девушка_тумблер_8040c0e0e0e4e6fe.jpg	bad	лица_нет
36	1067_девушка_тумблер_8c99dbe498b8b0df.jpg	ok	брак
37	1070_девушка_тумблер_300000001a3f3f8f.jpg	bad	гримаса
38	1071_девушка_тумблер_c7c7c7c3c3c3c3c3.jpg	bad	очки
39	1072_девушка_тумблер_f8f0105e7f1f0f06.jpg	ok	брак
40	1073_девушка_тумблер_701081e3f3c3c1d9.jpg	bad	предмет_на_лице
41	1076_эстетика_фото_девушка_ff028111383c00c0.jpg	bad	закрытые_глаза
42	1080_эстетика_фото_девушка_f63cccddcf66f0e0.jpg	bad	предмет_на_лице
43	1083_альтушка_фото_8381c0c0d8f8f8f9.jpg	bad	тяжелый_фильтр
44	1085_альтушка_фото_0090d8f878736307.jpg	bad	волосы_через_лицо
45	1086_альтушка_фото_ffdf1e190901623f.jpg	bad	одежда_на_лице
46	1093_альтушка_фото_818181c0c0c9ffff.jpg	bad	рука_на_лице
47	1095_альтушка_фото_0000e0c185bdfdf9.jpg	bad	мелкое_лицо
48	1098_альтушка_фото_33011c1c1c1f1913.jpg	bad	волосы_через_лицо
49	1104_альтушка_фото_004041033f7f7e7e.jpg	bad	одежда_на_лице
50	1109_девушка_в_свитере_0083f3f1fdcf871f.jpg	bad	лица_нет
51	1110_девушка_в_свитере_01353d7d7f1f0707.jpg	bad	студия
52	1111_девушка_в_свитере_0d2d7d6d7dcdc0e1.jpg	bad	профиль
53	1112_девушка_в_свитере_0000e6fffefcd000.jpg	bad	студия
54	1113_девушка_в_свитере_c3e060c0c1c7c7e7.jpg	bad	закрытые_глаза
55	1114_девушка_в_свитере_3c1c1c3fffe3c000.jpg	ok	брак
56	1116_девушка_в_свитере_00e3f3f3f3f3f3ff.jpg	bad	водяной_знак
57	1117_девушка_в_свитере_cec6c64e4c444454.jpg	ok	брак
58	1119_девушка_в_свитере_81c1c1e0e3e3e7ff.jpg	bad	одежда_на_лице
59	1120_девушка_в_свитере_2fefffffe7e7e7e7.jpg	bad	водяной_знак
60	1121_девушка_в_свитере_c0c0c0e880c0f4fe.jpg	ok	брак
61	1125_девушка_в_свитере_c18181bcbcd9c3e7.jpg	ok	брак
62	1127_девушка_в_свитере_00000000c2efe7ef.jpg	bad	одежда_на_лице
63	1128_девушка_в_свитере_008fe7efcfcfcfdf.jpg	bad	водяной_знак
64	1130_девушка_в_свитере_4563434107161ecf.jpg	bad	закрытые_глаза
65	1131_девушка_в_кофейне_3c183c3e78f0e0ff.jpg	ok	брак
66	1132_девушка_в_кофейне_ffff8e44989090f0.jpg	ok	брак
67	1133_девушка_в_кофейне_3c0b070f1f9f1f87.jpg	bad	профиль
68	1134_девушка_в_кофейне_e1e1f3c32067f7ff.jpg	bad	очки
69	1136_девушка_в_кофейне_00fef8e0f478f0e0.jpg	bad	мелкое_лицо
70	1137_девушка_в_кофейне_9f9b800307cf0fe3.jpg	ok	брак
71	1138_девушка_в_кофейне_00001f1b3b3b0300.jpg	ok	брак
72	1139_девушка_в_кофейне_fffffc3838220000.jpg	bad	очки
73	1140_девушка_в_кофейне_ff7e7c7c98888080.jpg	ok	брак
74	1141_девушка_в_кофейне_687a3a3c0cc8eb83.jpg	bad	закрытые_глаза
75	1144_девушка_в_кофейне_3d050901113f1e3f.jpg	bad	стрелки_логотип
76	1145_девушка_в_кофейне_083c38fc383e3e0e.jpg	bad	второй_человек
77	1146_девушка_в_кофейне_fef4f0fcb0f87870.jpg	bad	мелкое_лицо
78	1147_девушка_в_кофейне_7f7f9c9018189898.jpg	ok	брак
79	1148_девушка_в_кофейне_00fe7e7c3ca0b303.jpg	bad	очки
80	1149_девушка_в_кофейне_ffff18f0f8c80000.jpg	bad	водяной_знак
81	1150_девушка_в_кофейне_047e7f7b7218189e.jpg	ok	брак
82	1151_девушка_в_кофейне_ffb10022b2737bf8.jpg	bad	надписи_рамка
83	1154_девушка_в_кафе_12787cb0bab4a080.jpg	bad	второй_человек
84	1155_девушка_в_кафе_061f17191979f1f0.jpg	bad	мелкое_лицо
85	1158_девушка_в_кафе_0000243a3f3e3c3c.jpg	bad	мелкое_лицо
86	1160_девушка_в_кафе_20f0c0c8ff9f0703.jpg	bad	предмет_на_лице
87	1161_девушка_каре_стиль_ff7f08181888a079.jpg	ok	брак
88	1162_девушка_каре_стиль_007c7a7e7c3c3c00.jpg	bad	нейро
89	1163_девушка_каре_стиль_00008183e3e3ebe3.jpg	bad	закрытые_глаза
90	1164_девушка_каре_стиль_63b393839999d3e7.jpg	ok	брак
91	1165_девушка_каре_стиль_f838385edad27e00.jpg	bad	очки
92	1166_девушка_каре_стиль_0084980e0e8687ff.png	bad	профиль
93	1167_девушка_каре_стиль_c3c3c3c303e7fff6.jpg	bad	очки
94	1168_девушка_каре_стиль_c1fffefe43090800.jpg	bad	нейро
95	1169_девушка_каре_стиль_0018f7f0f060a1ff.jpg	bad	профиль
96	1170_девушка_каре_стиль_87c1c1e3e3f3f3ff.jpg	bad	очки
97	1172_девушка_каре_стиль_0080f3f3e181f700.jpg	bad	коллаж
98	1173_девушка_каре_стиль_19193f038181c3e3.jpg	bad	нейро
99	1174_девушка_каре_стиль_0183939387c7cfff.jpg	bad	скриншот_надписи
100	1175_девушка_каре_стиль_808027bf9b1b030f.jpg	bad	нейро
101	1176_девушка_каре_стиль_9d3b3f8f1f958100.jpg	bad	профиль
102	1177_девушка_каре_стиль_9c80c1f0e9f7f3f7.jpg	bad	очки
103	1178_девушка_каре_стиль_0101c1c1c9c9e3f7.jpg	bad	нейро
104	1179_девушка_каре_стиль_00809f0f3f0e00c3.jpg	bad	профиль
105	1180_девушка_каре_стиль_01fffe7afa783c20.jpg	bad	нейро
106	1181_девушка_каре_стиль_ffc383c2c3e3e7ff.jpg	bad	очки
107	1183_девушка_каре_стиль_07070f0f03121fff.jpg	bad	скриншот
108	1184_девушка_каре_стиль_0383c8fbff9383c3.jpg	bad	водяной_знак
109	1185_девушка_каре_стиль_e3eb83818181e7ff.jpg	bad	закрытые_глаза
110	1186_каре_девушка_fcfff71338381000.jpg	ok	брак
111	1187_каре_девушка_f38101b1b1f1b183.jpg	bad	волосы_через_лицо
112	1189_каре_девушка_80ccfcfc741c2724.jpg	bad	мелкое_лицо
113	1191_каре_девушка_c3c28003203efeff.jpg	bad	водяной_знак
114	1194_каре_девушка_0038181f1f1fcbe7.jpg	bad	волосы_через_лицо
115	1195_каре_девушка_ffff909038bbb180.jpg	ok	брак
116	1196_каре_девушка_ffffe30008016161.jpg	ok	брак
117	1197_каре_девушка_fdfc3818181993e7.jpg	bad	волосы_через_лицо
118	1198_каре_девушка_f713133838310000.jpg	ok	брак
119	1199_каре_девушка_e1c38383c3c7ffff.jpg	bad	волосы_через_лицо
120	1200_каре_девушка_cce8f17171f1f17f.jpg	bad	очки
121	1201_каре_девушка_ffffff1839119193.png	bad	очки
122	1202_каре_девушка_7fc38199999999c3.jpg	ok	брак
123	1204_каре_девушка_fff93018381919c3.jpg	ok	брак
124	1205_каре_девушка_7eff1b0d0d1d3f13.jpg	ok	брак
125	1207_каре_девушка_ff0000031200ffff.jpg	bad	скриншот
126	1208_девушка_со_стрелками_0c1c3cbcbf3f3303.jpg	ok	брак
127	1209_девушка_со_стрелками_787c7eff7e7e0000.jpg	ok	брак
128	1210_девушка_со_стрелками_3c3839797d7978e3.jpg	ok	брак
129	1211_девушка_со_стрелками_19313139b9b9bd9d.jpg	ok	брак
130	1213_девушка_со_стрелками_8998989c9c9c1c1c.jpg	ok	брак
131	1214_девушка_со_стрелками_7819193fbd9999c2.jpg	ok	брак
132	1215_девушка_со_стрелками_01c161393dddc9e3.jpg	ok	брак
133	1216_девушка_со_стрелками_c780bc7c3c3c1881.jpg	bad	водяной_знак
134	1218_девушка_со_стрелками_0060783f7f79193b.jpg	ok	брак
135	1220_девушка_со_стрелками_1b001c7c7f5f7938.jpg	bad	предмет_на_лице
136	1221_девушка_со_стрелками_70f0f8f8e8787d3d.jpg	bad	закрытые_глаза_логотип
137	1222_девушка_со_стрелками_e178f0fcfccce4fe.jpg	bad	кроп_лица
138	1223_девушка_со_стрелками_0333697c78785e3e.jpg	ok	брак
139	1226_девушка_со_стрелками_e380b0f9f9f3b383.jpg	ok	брак
140	1227_девушка_со_стрелками_cfdc873f1f707911.jpg	ok	брак
141	1228_девушка_со_стрелками_ff7f391f3d1c0c00.png	ok	брак
142	1229_девушка_со_стрелками_1c3c3e7e7f183c3c.jpg	bad	коллаж
143	1232_девушка_блондинка_эстетика_3e0eccd8f0f8fcf0.jpg	bad	профиль
144	1238_девушка_блондинка_эстетика_6f67727838302020.jpg	bad	рука_на_лице
145	1248_девушка_блондинка_эстетика_70e0e0e0e0e1e7ff.jpg	bad	лица_нет
146	1285_аутфит_девушка_лето_2e3f7f3b0909283e.png	bad	очки
147	1295_аутфит_девушка_лето_0f070f0f2f3f4fb3.jpg	bad	очки
148	1337_образ_на_каждый_день_девушка_fff1f0f0f0e0e0e0.jpg	bad	телефон_на_лице
149	1347_образ_на_каждый_день_девушка_c08006065f77e7e7.jpg	bad	телефон_на_лице
150	1368_позы_для_фото_девушке_e8a8b0ed7d60a4e7.jpg	bad	коллаж
151	1382_позы_для_фото_девушке_80c100c3f2e0e4fe.jpg	bad	коллаж
152	1386_макияж_на_каждый_день_девушка_0f0f0e3c3c3c3810.jpg	ok	брак
153	1387_макияж_на_каждый_день_девушка_038387cfeffdffce.jpg	ok	брак
154	1388_макияж_на_каждый_день_девушка_c1e171387c7c3cc1.jpg	bad	надписи
155	1389_макияж_на_каждый_день_девушка_001cfe3c3cbcff1a.jpg	ok	брак
156	1390_макияж_на_каждый_день_девушка_f9f9f391b99981e7.jpg	ok	брак
157	1391_макияж_на_каждый_день_девушка_3039bcbc3cbd9dc3.jpg	ok	брак
158	1392_макияж_на_каждый_день_девушка_93f7d3dbdb938bc3.png	ok	брак
159	1393_макияж_на_каждый_день_девушка_0001383c7e7e7e7e.jpg	ok	брак
160	1394_макияж_на_каждый_день_девушка_00083c7c7c79399b.png	ok	брак
161	1395_макияж_на_каждый_день_девушка_e2e3c8fcf0e0ecfc.png	ok	брак
162	1396_макияж_на_каждый_день_девушка_181c1e3f3f3c3f0d.jpg	ok	брак
163	1397_макияж_на_каждый_день_девушка_000000fefffe1c43.jpg	ok	брак
164	1399_макияж_на_каждый_день_девушка_7ffe1c1f3f1f8e80.jpg	ok	брак
165	1400_макияж_на_каждый_день_девушка_80c9c3818993c3e7.jpg	ok	брак
166	1401_макияж_на_каждый_день_девушка_f60a2dfd8f9bb9c3.jpg	ok	брак
167	1402_макияж_на_каждый_день_девушка_ff0c1c3e7e3c3838.jpg	bad	надписи
168	1403_макияж_на_каждый_день_девушка_fc3c1c1e1e9c9dc2.jpg	ok	брак
169	1405_макияж_на_каждый_день_девушка_ff1010393f3e1cbf.png	bad	скриншот
170	1407_девушка_в_спальне_селфи_f8f8088ffff1f3f3.jpg	bad	телефон_на_лице
171	1409_девушка_в_спальне_селфи_7f0f015800c1efff.jpg	bad	набок
172	1414_девушка_в_спальне_селфи_fcfcf8c0c4868c00.jpg	bad	набок
173	1415_девушка_в_спальне_селфи_80ffffece0780030.jpg	bad	мелкое_лицо
174	1417_девушка_в_спальне_селфи_7ff9e1e1e001e3f3.jpg	bad	телефон_на_лице
175	1420_девушка_в_спальне_селфи_ff9e0c0e0f070707.jpg	bad	набок
176	1421_девушка_в_спальне_селфи_fff181000000ffff.jpg	bad	мелкое_лицо
177	1423_девушка_в_спальне_селфи_07fff1e1997980ff.jpg	bad	надписи_логотип
178	1424_селфи_в_зеркало_девушка_0303038f87c7c7e7.jpg	bad	телефон_на_лице
179	1426_селфи_в_зеркало_девушка_dbcdd99191c1c1c1.jpg	bad	мелкое_лицо
180	1430_селфи_в_зеркало_девушка_f0e0e8cc8c8031ff.jpg	bad	телефон_на_лице
181	1432_селфи_в_зеркало_девушка_f9e004c0e1e3e3e3.jpg	bad	телефон_на_лице
182	1434_селфи_в_зеркало_девушка_000c4c4acefce6fe.jpg	bad	телефон_на_лице
183	1436_селфи_в_зеркало_девушка_4e898e89c0c0e0f1.jpg	bad	телефон_на_лице
184	1438_селфи_в_зеркало_девушка_fffbb83c9c80c0e0.jpg	bad	телефон_на_лице
185	1441_селфи_в_зеркало_девушка_8080c0f0f2fef4f8.jpg	ok	брак
186	1444_девушка_с_длинными_волосами_селфи_000011839f1ff7ff.jpg	ok	брак
187	1445_девушка_с_длинными_волосами_селфи_808080c8ecedfdf3.jpg	ok	брак
188	1446_девушка_с_длинными_волосами_селфи_66645c1c3c3c3030.jpg	bad	водяной_знак
189	1449_девушка_с_длинными_волосами_селфи_0f0f0b060c1c18c0.jpg	ok	брак
190	1451_девушка_с_длинными_волосами_селфи_07070318cce4f0fc.jpg	ok	брак
191	1453_девушка_с_длинными_волосами_селфи_031b1b07071727ff.jpg	bad	телефон_на_лице
192	1454_девушка_с_длинными_волосами_селфи_0046c7c7e7e7ff7e.jpg	bad	лица_нет
193	1455_девушка_с_длинными_волосами_селфи_f9f3d7c787e3e0e0.jpg	bad	телефон_на_лице
194	1458_селфи_девушка_ffe0c0d19f1f3797.jpg	ok	брак
195	1460_селфи_девушка_ffefdff8fc380000.jpg	ok	брак
196	1461_селфи_девушка_30f07878783c1c00.jpg	bad	телефон_на_лице
197	1462_селфи_девушка_0080c78707818fbf.jpg	ok	брак
198	1463_селфи_девушка_08050781c1e5e6f7.jpg	ok	брак
199	1464_селфи_девушка_180c04f6f3f3f3ff.jpg	bad	студия
200	1465_селфи_девушка_121a1f3b7c7cf060.jpg	ok	брак
201	1466_селфи_девушка_e3e3b7ffbf0101f7.jpg	bad	мелкое_лицо
202	1468_селфи_девушка_fff8448e8680c0c0.jpg	ok	брак
203	1470_домашнее_селфи_00c3e1fe0e016100.jpg	ok	брак
204	1471_домашнее_селфи_f3e3c1c1e1f3ffff.jpg	bad	мелкое_лицо
205	1473_домашнее_селфи_9e86c7c1c1c1e9ff.jpg	bad	телефон_на_лице
206	1475_домашнее_селфи_071f0707273c3c3a.jpg	bad	телефон_на_лице
207	1476_домашнее_селфи_068787e7e3c70f03.jpg	bad	мелкое_лицо
208	1477_домашнее_селфи_0c0e4747474f273c.jpg	bad	телефон_на_лице
209	1483_вечернее_селфи_370e1808e1f3f7cc.jpg	bad	гримаса
210	1484_вечернее_селфи_108000603831ffe3.jpg	bad	второй_человек
211	1488_вечернее_селфи_c7c1c5e5e1c1e1c1.jpg	bad	телефон_на_лице
212	1489_вечернее_селфи_a08080236273fbfb.jpg	bad	мелкое_лицо
213	1493_вечернее_селфи_18000038ffff3f7c.jpg	bad	второй_человек
214	1496_уличное_селфи_9898bcbc39302030.jpg	bad	мужчина
215	1497_уличное_селфи_0747470b032fbf3f.jpg	bad	второй_человек
216	1499_уличное_селфи_1dbbbe9f8381a160.jpg	bad	очки
217	1502_уличное_селфи_00040414f7bfffff.jpg	bad	второй_человек
218	1503_уличное_селфи_e4e4c088f0f8fefe.jpg	bad	второй_человек
219	1505_уличное_селфи_7a5860622068ff7f.jpg	bad	очки
220	1506_уличное_селфи_383ff5f1a083035f.jpg	bad	очки
221	1507_уличное_селфи_80828290f1f9fefe.jpg	bad	второй_человек
222	1508_уличное_селфи_0f0700c8efe0c0f0.jpg	bad	очки
223	1509_уличное_селфи_0005062767fff7ff.jpg	bad	мужчина
224	1510_уличное_селфи_c0f0440c0179fcff.jpg	bad	мелкое_лицо
225	1511_уличное_селфи_00812783c8eeffff.jpg	bad	второй_человек
226	1514_милое_селфи_c181839703476707.jpg	ok	брак
227	1515_милое_селфи_80c0c0c9ddddf9c3.jpg	ok	брак
228	1516_милое_селфи_000129fffcf8f0f0.jpg	ok	брак
229	1517_милое_селфи_f8e8e0e0f3f3ff9f.jpg	bad	мужчина
230	1518_милое_селфи_e1fce48cbfaec070.jpg	ok	брак
231	1519_милое_селфи_00410111313b3737.jpg	ok	брак
232	1520_милое_селфи_7c3c1c0c1c1c1898.jpg	ok	брак
233	1521_милое_селфи_00005c5e7e7e7e7c.jpg	bad	рука_на_лице
234	1522_милое_селфи_070f0d73f7cf1f30.jpg	ok	брак
235	1523_милое_селфи_000082ecfcf8f8c0.jpg	ok	брак
236	1524_милое_селфи_1c1800087f7e7cf8.jpg	ok	брак
237	1525_милое_селфи_07f8d8ccc481f0fc.jpg	bad	очки
238	1526_милое_селфи_0e1e1f0f19707167.jpg	ok	брак
239	1527_милое_селфи_ff0011936131ffff.jpg	bad	набок
240	1528_милое_селфи_6f7f7f3f1c181800.jpg	ok	брак
241	1529_милое_селфи_016c48353f2b030f.jpg	bad	мужчина
242	1530_нежное_селфи_7f93c1237de1f0f2.jpg	bad	предмет_на_лице
243	1533_нежное_селфи_3f1d113d7c794100.jpg	ok	брак
244	1537_нежное_селфи_7f0b0103c9f9ffff.jpg	bad	набок
245	1538_нежное_селфи_fbe1e1c1c1c1e1fb.png	bad	телефон_на_лице
246	1540_нежное_селфи_38787f18380c6060.jpg	ok	брак
247	1542_нежное_селфи_f0c08090f0c0f0ff.jpg	bad	надписи
248	1543_нежное_селфи_0e7c7c7c3c181000.jpg	bad	второй_человек
249	1545_нежное_селфи_1c9ef9f0f9c0c0fc.jpg	bad	телефон_на_лице
250	1546_зимнее_селфи_9fb7e3e4e60e0200.jpg	ok	брак
251	1547_зимнее_селфи_e7c3f1c0c1c1ffff.jpg	bad	гримаса
252	154_селфи_девушка_e3e3f1f13b1f0800.jpg	ok	брак
253	1554_зимнее_селфи_f8fdfb010880c0c1.jpg	ok	брак
254	1557_зимнее_селфи_43ffffebe200c0f9.jpg	ok	брак
255	1560_зимнее_селфи_0000076ef5ffcf00.jpg	bad	маска
256	1563_зимнее_селфи_1f1f3f0f07031f3f.jpg	bad	мелкое_лицо
257	1564_зимнее_селфи_c6debf8fcd00e1fb.jpg	bad	закрытые_глаза
258	1567_зимнее_селфи_39180fc784c4feff.jpg	bad	одежда_на_лице
259	1568_зимнее_селфи_3e331fb0e7c7c780.jpg	bad	очки
260	156_селфи_девушка_0f7d7f6230400000.jpg	bad	мелкое_лицо
261	1571_осеннее_селфи_fbff830306060e3e.jpg	bad	лист_на_лице
262	1575_осеннее_селфи_1e1c00101fdfffff.jpg	bad	мелкое_лицо
263	157_селфи_девушка_21e185e0f1f1ffff.jpg	ok	брак
264	1580_осеннее_селфи_0030733a2ff3fb7b.jpg	bad	лист_на_лице
265	1581_осеннее_селфи_c0f0e0f2f3f30f3f.jpg	bad	лист_на_лице
266	1582_осеннее_селфи_00000042041fffff.jpg	bad	второй_человек
267	1583_осеннее_селфи_180919d899fbffef.jpg	bad	лист_на_лице
268	1585_осеннее_селфи_0783838e5c7c30f7.jpg	bad	лист_на_лице
269	1589_осеннее_селфи_c3f2fce8c063e1f0.jpg	bad	коллаж
270	158_селфи_девушка_808486393f3e268c.jpg	ok	брак
271	1593_летнее_селфи_0c60280f4f0707ff.jpg	bad	закрытые_глаза
272	1595_летнее_селфи_e3c300cecfcf1c28.jpg	ok	брак
273	1597_летнее_селфи_8088cbeb0787f387.jpg	bad	очки
274	1601_летнее_селфи_00ffffea7ed1c3e7.jpg	bad	второй_человек
275	1602_летнее_селфи_c2e0e1636f6f6e7e.webp	bad	мужчина
276	1604_летнее_селфи_27131edc7e303030.jpg	bad	коллаж
277	1606_селфи_в_машине_ffff023c18000040.jpg	bad	мелкое_лицо
278	1607_селфи_в_машине_080e1fdf6c7cffff.jpg	bad	очки
279	1608_селфи_в_машине_8980011001effefc.jpg	bad	очки
280	160_селфи_девушка_c1c19c911a83c7ff.jpg	ok	брак
281	1611_селфи_в_машине_60f0300097f7839b.jpg	bad	очки
282	1612_селфи_в_машине_3f037020f0ffff00.jpg	bad	скриншот
283	1613_селфи_в_машине_81904020a8bfffff.jpg	ok	брак
284	1615_селфи_в_машине_000000081c1c1fff.jpg	ok	брак
285	1616_селфи_в_машине_80c0ea331bdcf303.jpg	ok	брак
286	161_селфи_девушка_00000087dfdfcfe7.jpg	ok	брак
287	1620_селфи_в_машине_8320e0703003f331.jpg	bad	второй_человек
288	1622_селфи_в_машине_070636f6f7d3c19c.jpg	bad	второй_человек
289	1623_селфи_в_машине_ff7f3f1f83012382.jpg	bad	телефон_на_лице
290	1625_селфи_в_машине_0381995f3e9fcea0.jpg	ok	брак
291	1626_селфи_в_машине_0fff320080fe26c8.jpg	bad	коллаж
292	1627_селфи_в_машине_e1f99953180a02fc.jpg	ok	брак
293	1628_селфи_в_машине_008088881e1dfdff.jpg	ok	брак
294	1629_селфи_в_машине_0707071f7c7e9ec2.jpg	bad	очки
295	162_селфи_девушка_0081c9efff8f8606.jpg	bad	гримаса
296	1637_девушка_эстетика_8787c783c3c3c7ef.jpg	bad	предмет_на_лице
297	1638_девушка_эстетика_0000c2d0fcf8f8f8.jpg	bad	нейро
298	163_селфи_девушка_40485d773b7fbcdf.jpg	ok	брак
299	1640_девушка_эстетика_c030387c7e7c7c00.jpg	bad	тени_на_лице
300	1641_девушка_эстетика_fffec1c1c3c3ffff.jpg	bad	волосы_через_лицо
301	1643_девушка_эстетика_002038787c787810.jpg	ok	брак
302	1644_девушка_эстетика_c901919cd9d0e0f0.jpg	bad	предмет_на_лице
303	1645_девушка_тумблер_2306060487efffff.jpg	bad	лица_нет
304	1649_девушка_тумблер_00108fbf8fc7c7ff.jpg	bad	очки
305	164_селфи_девушка_000820e0f0f0fefe.jpg	bad	телефон_на_лице
306	1650_девушка_тумблер_0b0b01010bebf7ff.jpg	bad	телефон_на_лице
307	1651_девушка_тумблер_c546476f7c7c7830.jpg	ok	брак
308	1652_девушка_тумблер_c7e0e38381e4e4fe.jpg	bad	телефон_на_лице
309	1654_девушка_тумблер_fcc000ffff7f3c00.jpg	ok	брак
310	1657_девушка_тумблер_3c18181838382000.jpg	bad	рука_на_лице
311	1658_девушка_тумблер_ffffe38188c8e5f1.jpg	ok	брак
312	1659_девушка_тумблер_c8c0e8e040e0feff.jpg	bad	мелкое_лицо
313	1662_девушка_тумблер_03030360e0c7e7ff.png	bad	закрытые_глаза
314	1663_девушка_тумблер_8080808c8f8f8fcf.jpg	ok	брак
315	1666_эстетика_фото_девушка_fffcfb01c1e2e3ff.jpg	bad	телефон_на_лице
316	1668_эстетика_фото_девушка_0103031b1b030303.jpg	bad	телефон_на_лице
317	1670_эстетика_фото_девушка_7f1e0ec7c0d0d090.jpg	bad	мелкое_лицо
318	1671_эстетика_фото_девушка_c1c1c3e7cbc1c3ff.jpg	bad	одежда_на_лице
319	1672_эстетика_фото_девушка_fff83030343e3e00.png	bad	предмет_на_лице
320	1674_эстетика_фото_девушка_70f0f0f0f0f3f3ff.jpg	bad	лица_нет
321	1675_эстетика_фото_девушка_0023e3cf9fd7c1da.jpg	ok	брак
322	1679_альтушка_фото_020202079fffdbc6.jpg	bad	тяжелый_фильтр
323	1680_альтушка_фото_010000347c7efeff.jpg	bad	закрытые_глаза
324	1681_альтушка_фото_7e7e7c7c3c383800.jpg	ok	брак
325	1686_альтушка_фото_f1d09880030702ff.jpg	bad	гримаса
326	1687_альтушка_фото_000081efd881e3ff.jpg	bad	телефон_на_лице
327	1688_альтушка_фото_0180183cbcbcbc10.jpg	bad	тяжелый_фильтр
328	168_селфи_девушка_добор_00000400e1c1ffff.jpg	bad	надписи
329	1690_альтушка_фото_dccc8980b0b8b183.jpg	bad	гримаса
330	1692_альтушка_фото_e7c3c1c1c1c7d1ff.jpg	bad	мелкое_лицо
331	1693_альтушка_фото_38000099bb9b9be3.jpg	bad	тяжелый_фильтр
332	1696_альтушка_фото_fd7c74203c3c1e5e.jpg	ok	брак
333	1697_альтушка_фото_bf070783c3e2f4ff.jpg	bad	мелкое_лицо
334	1699_альтушка_фото_e103030426878fdf.jpg	bad	рука_на_лице
335	169_селфи_девушка_добор_ff4f0083c3c7e7f8.jpg	ok	брак
336	1702_девушка_в_свитере_7ecfff7f33200103.jpg	ok	брак
337	1703_девушка_в_свитере_3f3dfc9e981c0000.jpg	bad	одежда_на_лице
338	1706_девушка_в_свитере_47c7c7c6c6c6e7e7.jpg	bad	закрытые_глаза
339	1707_девушка_в_свитере_f8fe7f7939130109.jpg	ok	брак
340	1710_девушка_в_свитере_0f1f1f134343f7ff.jpg	bad	закрытые_глаза
341	1712_девушка_в_свитере_000002b6b001a5f3.jpg	bad	одежда_на_лице
342	1713_девушка_в_свитере_00c0f5fdefc7c9cd.jpg	bad	мелкое_лицо
343	1714_девушка_в_свитере_7919373f170f0b07.jpg	ok	брак
344	1717_девушка_в_свитере_e8e0e0e0f0d8d8d8.jpg	bad	мелкое_лицо
345	1718_девушка_в_свитере_ff0f1b1f05f0f0d0.jpg	bad	мелкое_лицо
346	171_селфи_девушка_добор_00c092f7f3f8ffff.jpg	bad	телефон_на_лице
347	1720_девушка_в_свитере_080307c787770707.jpg	bad	мелкое_лицо
348	1721_девушка_в_свитере_dbdbc7c7c7c3e3e7.jpg	ok	брак
349	1722_девушка_в_свитере_fffffa808981c7cf.jpg	ok	брак
350	1723_девушка_в_свитере_e7e7e3c3c383e5bc.jpg	bad	мелкое_лицо
351	1724_девушка_в_свитере_3303637f7e676f0b.jpg	bad	мелкое_лицо
352	1725_девушка_в_свитере_78eada4c44ecfcfe.jpg	bad	одежда_на_лице
353	1727_девушка_в_кофейне_33375e0e1c9e0e06.jpg	bad	мелкое_лицо
354	1728_девушка_в_кофейне_fee6f0f070f8f080.jpg	bad	водяной_знак
355	1729_девушка_в_кофейне_04ce7f67241c0c20.jpg	ok	брак
356	172_селфи_девушка_добор_c14163232b070485.jpg	bad	телефон_на_лице
357	1730_девушка_в_кофейне_e0e62c38585c7878.jpg	bad	очки
358	1731_девушка_в_кофейне_0e1efe3c183f2d2c.jpg	bad	предмет_на_лице
359	1732_девушка_в_кофейне_6c7b3e3f3f0c0200.jpg	bad	мелкое_лицо
360	1733_девушка_в_кофейне_1fcc5b799c9c0123.jpg	ok	брак
361	1736_девушка_в_кофейне_1f1f272701d9f1f1.jpg	bad	второй_человек
362	1737_девушка_в_кофейне_010f0b1f1f070707.jpg	bad	профиль
363	1738_девушка_в_кофейне_01001020089d9fff.jpg	bad	предмет_на_лице
364	1739_девушка_в_кофейне_ffd3810103073f3f.jpg	bad	профиль
365	173_селфи_девушка_добор_90d0c023373f3f3f.jpg	bad	очки
366	1740_девушка_в_кофейне_bfd99880e7f7f200.jpg	bad	мелкое_лицо
367	1742_девушка_в_кофейне_e27018e0f0f1f9f9.jpg	bad	мелкое_лицо
368	1743_девушка_в_кофейне_ff3ffebc1c100800.jpg	bad	очки
369	1744_девушка_в_кафе_fe7f4181074b393b.jpg	ok	брак
370	1745_девушка_в_кафе_0340d404ccdcfcfc.jpg	ok	брак
371	1746_девушка_в_кафе_076250109c9ededf.jpg	bad	второй_человек
372	1747_девушка_в_кафе_070f060686bebe3b.jpg	bad	мелкое_лицо
373	1748_девушка_в_кафе_007e7c5e7e7afaba.jpg	bad	водяной_знак
374	174_селфи_девушка_добор_3030783031acece0.jpg	bad	телефон_на_лице
375	1750_девушка_в_кафе_ff783918001d2000.jpg	ok	брак
376	1751_девушка_в_кафе_e0041950b3f8fcbf.jpg	bad	второй_человек
377	1753_девушка_в_кафе_c0f0f0f038fc3f3f.jpg	bad	мелкое_лицо
378	1754_девушка_в_кафе_387f786cd0e4f9c1.jpg	bad	нейро
379	1755_девушка_каре_стиль_ff3c180e0600835b.jpg	bad	профиль
380	1757_девушка_каре_стиль_6c20c0c1c1c1c3ff.jpg	bad	нейро
381	1758_девушка_каре_стиль_7678600424e0c0fe.jpg	bad	профиль
382	1759_девушка_каре_стиль_ffffff1c181c3e0d.jpg	bad	нейро
383	1760_девушка_каре_стиль_f8f9f1f3e38387cf.jpg	bad	профиль
384	1762_девушка_каре_стиль_2637f767673f0c08.jpg	bad	очки
385	1763_девушка_каре_стиль_0c0f3179710587c7.jpg	bad	профиль
386	1764_девушка_каре_стиль_0000181c1c18dbe7.png	bad	нейро
387	1765_девушка_каре_стиль_0212981c1c9c9bc7.jpg	bad	нейро
388	1766_девушка_каре_стиль_0216983c3d98c8e4.jpg	bad	нейро
389	1767_девушка_каре_стиль_6040c1c1dacac6fe.jpg	bad	нейро
390	1768_девушка_каре_стиль_ffff81191899d367.jpg	bad	нейро
391	1769_девушка_каре_стиль_df999918b8b83093.jpg	bad	нейро
392	176_селфи_девушка_добор_c4c3823e3f171f3f.jpg	bad	набок
393	1770_девушка_каре_стиль_8080c0f1b8b8c1ff.jpg	bad	нейро
394	1771_девушка_каре_стиль_1efefb18181883f7.jpg	bad	нейро
395	1772_девушка_каре_стиль_f9ffe3c1c181c3f7.jpg	bad	профиль
396	1773_девушка_каре_стиль_c18091f7c7c7c7ff.png	bad	очки
397	1775_девушка_каре_стиль_00808cf0fcfcfee0.jpg	bad	нейро
398	1776_девушка_каре_стиль_efefdf1b19190004.jpg	ok	брак
399	1777_девушка_каре_стиль_8381f1ffffc7c7c7.jpg	bad	мелкое_лицо
400	1778_девушка_каре_стиль_c8e8f70f0c081f1f.jpg	bad	коллаж
401	1779_девушка_каре_стиль_010103be7c7cf8f0.jpg	bad	коллаж
402	1780_девушка_каре_стиль_e717b3b383c7c7e7.jpg	bad	водяной_знак
403	1781_каре_девушка_000400c042f3f3ff.jpg	bad	мелкое_лицо
404	1782_каре_девушка_effff31018199983.jpg	ok	брак
405	1783_каре_девушка_1cbc38387c7c3c10.jpg	ok	брак
406	1784_каре_девушка_7ea2a0e2f2f0e2e7.jpg	ok	брак
407	1785_каре_девушка_fffef0f09898c800.png	ok	брак
408	1787_каре_девушка_ffc7c0c0c0e0e0f0.jpg	ok	брак
409	1788_каре_девушка_fc7c78b88090c3e7.jpg	bad	волосы_через_лицо
410	178_селфи_девушка_добор_000000091f1f9fcf.jpg	ok	брак
411	1790_каре_девушка_80189c9399bbb3cf.jpg	ok	брак
412	1791_каре_девушка_8280b1c3c3c3c7ff.jpg	bad	профиль
413	1793_каре_девушка_078fc999198983e7.jpg	ok	брак
414	1795_каре_девушка_1c1c9e1010303c00.jpg	bad	волосы_через_лицо
415	1796_каре_девушка_909098d83d39393c.jpg	ok	брак
416	1797_каре_девушка_8b8fffffc18183c7.jpg	bad	волосы_через_лицо
417	1798_каре_девушка_07051c4040517fff.jpg	bad	профиль
418	1799_каре_девушка_0000c1e3efe7fffd.jpg	bad	мелкое_лицо
419	179_селфи_девушка_добор_0230f0b1b9bb9bc3.jpg	ok	брак
420	1800_каре_девушка_00181891b1b1e3ff.jpg	ok	брак
421	1801_каре_девушка_ffff83018989c1c7.jpg	ok	брак
422	1802_девушка_со_стрелками_00000179fbdbfbe3.jpg	ok	брак
423	1808_девушка_со_стрелками_010121339bdfcde3.jpg	ok	брак
424	1809_девушка_со_стрелками_0038b8bcfefcfcc0.jpg	ok	брак
425	180_селфи_девушка_добор_c670606f4a46eedf.jpg	bad	телефон_на_лице
426	1811_девушка_со_стрелками_093c78feffcc8c1e.jpg	bad	нейро
427	1812_девушка_со_стрелками_087cfc3e323f0e0e.jpg	ok	брак
428	1813_девушка_со_стрелками_00041effffb73841.jpg	ok	брак
429	1817_девушка_со_стрелками_3c1c3f3f3e1e0c00.jpg	bad	второй_человек
430	1819_девушка_со_стрелками_1f3f3f3f2f3f1f04.jpg	ok	брак
431	181_селфи_девушка_добор_021e1e1e1c1c0000.jpg	ok	брак
432	1820_девушка_со_стрелками_ff0fc8eec8c84020.png	ok	брак
433	1822_девушка_со_стрелками_f1fb071f1f1f0303.jpg	ok	брак
434	1823_девушка_со_стрелками_093c7cfe6cf97183.jpg	ok	брак
435	1825_девушка_со_стрелками_e1e9e9f9ddcd99d9.jpg	ok	брак
436	1826_девушка_со_стрелками_81e3c3db83c38387.jpg	ok	брак
437	1828_девушка_блондинка_эстетика_000c0c0000181808.jpg	bad	лица_нет
438	1829_девушка_блондинка_эстетика_0080f0f8ffef6332.jpg	bad	мелкое_лицо
439	1834_девушка_блондинка_эстетика_c3cfbd41018383e3.jpg	bad	рамка
440	1835_девушка_блондинка_эстетика_7977c3870f140c07.jpg	bad	лица_нет
441	1845_девушка_блондинка_эстетика_85ccfe7cf8fc3800.png	ok	брак
442	1849_девушка_блондинка_эстетика_00003e3e3c3c1c00.jpg	bad	лица_нет
443	1875_аутфит_девушка_зима_e7c7c7c787077fff.jpg	bad	очки
444	1878_аутфит_девушка_лето_0707073f87472f3f.jpg	bad	мелкое_лицо
445	188_селфи_девушка_добор_cd0d090b1901810f.jpg	bad	телефон_на_лице
446	189_селфи_девушка_добор_ffff010344447f38.jpg	ok	брак
447	193_селфи_девушка_добор_081e3f83809c8f9f.jpg	bad	телефон_на_лице
448	195_селфи_девушка_добор_fff0d18088b48001.jpg	bad	телефон_на_лице
449	197_селфи_девушка_добор_7ffffe5818000000.jpg	ok	брак
450	198_селфи_девушка_добор_3d111333337363eb.jpg	ok	брак
451	199_селфи_девушка_добор_0000c0e1c1f7f9f0.jpg	bad	мелкое_лицо
452	200_селфи_девушка_добор_00181cbeffcbf900.png	bad	скриншот
453	203_селфи_девушка_добор_0080031bd3ffffff.jpg	bad	телефон_на_лице
454	204_селфи_девушка_добор_e6c0c0e0f9f1b199.jpg	bad	телефон_на_лице
455	206_селфи_девушка_добор_c0802161777f7f7f.jpg	bad	телефон_на_лице
456	208_селфи_девушка_добор_ffbc8c8c84808000.jpg	bad	телефон_на_лице
457	210_селфи_девушка_добор_3b03c343c3c3e3ff.jpg	bad	телефон_на_лице
458	221_селфи_девушка_добор_1f3f3e340020303e.jpg	bad	мужчина
459	222_селфи_девушка_добор_8181000073ffffff.jpg	bad	пожилая
460	224_селфи_девушка_добор_00fcfcf7e480e8fd.jpg	bad	водяной_знак
461	227_селфи_девушка_добор_0480c040d0f6ffff.jpg	bad	очки
462	228_селфи_девушка_добор_70785f9f1701023f.jpg	ok	брак
463	232_селфи_девушка_добор_fcf8f830004878f8.jpg	bad	мелкое_лицо
464	233_селфи_девушка_добор_c3ffe3e2c300e0f8.jpg	bad	очки
465	235_селфи_девушка_добор_0000000c9edefffe.jpg	bad	очки
466	236_селфи_девушка_добор_000787a7bfe73370.jpg	bad	мелкое_лицо
467	237_селфи_девушка_добор_2e337b5f19f8fc00.jpg	bad	закрытые_глаза
468	239_селфи_девушка_добор_1c0989dcf8dfdfc3.jpg	bad	мелкое_лицо
469	245_селфи_девушка_добор_e3c3c7071737366c.jpg	ok	брак
470	246_селфи_девушка_добор_032120a5cecceef0.jpg	ok	брак
471	247_селфи_девушка_добор_3ff783133317878f.jpg	ok	брак
472	248_селфи_девушка_добор_9edeffef0f0f0000.jpg	ok	брак
473	249_селфи_девушка_добор_777fecec7c1c0c69.jpg	bad	стикеры
474	250_селфи_девушка_добор_e060f8b8bc989ac7.jpg	ok	брак
475	251_селфи_девушка_добор_00009ffdb9bba107.jpg	bad	гримаса
476	252_селфи_девушка_добор_fff1fd3d02061c80.jpg	ok	брак
477	253_селфи_девушка_добор_999191c1c383e7ff.jpg	bad	телефон_на_лице
478	254_селфи_девушка_добор_c1c0c03c78f100f8.jpg	ok	брак
479	255_селфи_девушка_добор_0000137a7a7e7e00.jpg	bad	надписи
480	256_селфи_девушка_добор_ff3f6f8f31c000c0.jpg	bad	стикеры
481	257_селфи_девушка_добор_000000583838f8c0.jpg	ok	брак
482	258_селфи_девушка_добор_e5f17993989890c7.jpg	ok	брак
483	259_селфи_девушка_добор_0841e1e1f1f3f3ff.jpg	bad	телефон_на_лице
484	261_селфи_девушка_добор_070707979c9f8183.jpg	bad	телефон_на_лице
485	262_селфи_девушка_c1d91c0c1c1dddf3.jpg	ok	брак
486	265_вечернее_селфи_fcf030f0f0f8f8fc.jpg	bad	мелкое_лицо
487	266_нежное_селфи_0f070f0b3031ffff.jpg	ok	брак
488	267_нежное_селфи_8889fbff071ffc00.jpg	bad	закрытые_глаза
489	271_нежное_селфи_ffe74707070fffff.jpg	bad	мелкое_лицо
490	272_нежное_селфи_7ff6e3810787f0f0.jpg	bad	набок
491	274_нежное_селфи_0c010341ffff7f67.jpg	bad	набок
492	275_нежное_селфи_050440417bf7fff8.jpg	bad	телефон_на_лице
493	279_нежное_селфи_e3e7e3e20cd90100.jpg	ok	брак
494	281_нежное_селфи_001f1f1f072f233f.jpg	bad	телефон_на_лице
495	282_нежное_селфи_f3e3e18181e7ff7f.jpg	bad	набок
496	284_нежное_селфи_00033bffef6f71f9.jpg	bad	телефон_на_лице
497	285_зимнее_селфи_f3e1713991033e3c.jpg	bad	одежда_на_лице
498	287_зимнее_селфи_1704070b43ffff9f.jpg	bad	одежда_на_лице
499	289_зимнее_селфи_0606dfdfce023c08.jpg	bad	одежда_на_лице
500	290_зимнее_селфи_830381e1e3ffff84.jpg	bad	закрытые_глаза
501	291_зимнее_селфи_250000f69a99c7e3.jpg	bad	гримаса
502	292_зимнее_селфи_ffffc1c02b1b0000.jpg	bad	закрытые_глаза
503	294_зимнее_селфи_17dfffc74000c163.jpg	ok	брак
504	297_зимнее_селфи_870707c7f77b2223.jpg	bad	мелкое_лицо
505	299_зимнее_селфи_fffb810107c6f3e3.jpg	bad	коллаж
506	300_зимнее_селфи_00f4f7e7e0f4e4fc.jpg	bad	мужчина
507	301_зимнее_селфи_01070307371e9c58.jpg	bad	водяной_знак
508	302_зимнее_селфи_3efffc1c43070000.jpg	bad	набок
509	303_зимнее_селфи_e3e3c7c6c6e2393f.jpg	bad	гримаса
510	304_зимнее_селфи_e78991f0c0e3e3ff.jpg	bad	предмет_на_лице
511	305_зимнее_селфи_beef9fffdc980260.jpg	bad	одежда_на_лице
512	306_осеннее_селфи_e37674341030206f.jpg	bad	закрытые_глаза
513	307_осеннее_селфи_00f0e9c2e0f6ecf6.jpg	bad	телефон_на_лице
514	308_осеннее_селфи_000040c1fff3ffff.jpg	bad	мелкое_лицо
515	309_осеннее_селфи_c1c1c383f7fffdc0.jpg	bad	очки
516	310_осеннее_селфи_06fe3e3e603103ff.jpg	bad	мелкое_лицо
517	311_осеннее_селфи_42f0377f63673f30.jpg	bad	мелкое_лицо
518	312_осеннее_селфи_7f7f7670e8d87000.jpg	bad	тени_на_лице
519	314_осеннее_селфи_40c3030f1fde1cf8.png	bad	лист_на_лице
520	315_осеннее_селфи_18183c3c18187eef.jpg	bad	лист_на_лице
521	319_осеннее_селфи_0000040408c0ffff.jpg	bad	мелкое_лицо
522	320_осеннее_селфи_fff9f80c48c0c280.jpg	bad	мелкое_лицо
523	321_осеннее_селфи_030f1f1f078fffff.jpg	bad	лист_на_лице
524	324_осеннее_селфи_7e68485860e3e77f.jpg	bad	лист_на_лице
525	325_осеннее_селфи_00c1e0e72707272f.jpg	bad	мелкое_лицо
526	326_осеннее_селфи_c0e7318080b0fcff.jpg	ok	брак
527	327_осеннее_селфи_c746666667ce4030.jpg	bad	лист_на_лице
528	331_осеннее_селфи_4664f4f4888cccd6.jpg	bad	гримаса
529	335_летнее_селфи_ccd8f81118f9f8f8.jpg	bad	очки
530	336_летнее_селфи_e787c7c7fd390c07.jpg	bad	телефон_на_лице
531	337_летнее_селфи_fef181c38783c34f.jpg	bad	закрытые_глаза
532	338_летнее_селфи_c7878c0467cfffff.jpg	bad	очки
533	339_летнее_селфи_dedeea079f870303.jpg	bad	мелкое_лицо
534	340_летнее_селфи_0783070717078fff.jpg	bad	очки
535	343_летнее_селфи_07071b07678f0f1f.jpg	ok	брак
536	345_летнее_селфи_fff0c0f8db303a10.jpg	ok	брак
537	347_летнее_селфи_80b088dfffc30307.jpg	bad	закрытые_глаза
538	349_летнее_селфи_038e8fbf87b87000.jpg	bad	очки
539	350_летнее_селфи_ffff0183c3602020.jpg	bad	рука_на_лице
540	352_летнее_селфи_00cfddcfc7a7a7ff.jpg	bad	водяной_знак
541	355_летнее_селфи_c7dfc6411938e0fc.jpg	ok	брак
542	357_летнее_селфи_00c2c4efe7e7e7f9.jpg	bad	мелкое_лицо
543	358_летнее_селфи_0080c1c3d3e3ffff.jpg	bad	очки
544	359_селфи_в_машине_00fefcc0e0e07000.jpg	bad	закрытые_глаза
545	360_селфи_в_машине_0602c2ebdfc3533c.jpg	bad	телефон_на_лице
546	361_селфи_в_машине_fe3cfcfa38389240.jpg	ok	брак
547	362_селфи_в_машине_1e1e0e88999edc80.jpg	ok	брак
548	363_селфи_в_машине_180e0287fefcdcc0.jpg	bad	очки
549	364_селфи_в_машине_feff3f0f06000000.jpg	bad	мелкое_лицо
550	365_селфи_в_машине_efff2100c0f83800.jpg	bad	очки
551	366_селфи_в_машине_1f101090b839bb87.jpg	bad	очки
552	368_селфи_в_машине_393d77ff7a18181b.jpg	ok	брак
553	369_селфи_в_машине_b87630c07b1eecf8.jpg	bad	очки
554	370_селфи_в_машине_007e7e3e1c040e00.jpg	bad	телефон_на_лице
555	373_селфи_в_машине_00000c1c1e4f7f7f.jpg	bad	очки
556	374_селфи_в_машине_003c3c00d9fefef8.jpg	bad	мелкое_лицо
557	375_селфи_в_машине_ff8fe1be464e0c01.jpg	bad	гримаса
558	376_селфи_в_машине_ece060030f1f0f0f.jpg	bad	очки
559	378_селфи_в_машине_00ffff076307061c.jpg	bad	телефон_на_лице
560	379_селфи_в_машине_87c70b532107748f.jpg	bad	мужчина
561	380_селфи_в_машине_fff37610180087ff.jpg	ok	брак
562	381_селфи_в_машине_2030d0fcfdfcfc40.jpg	bad	мелкое_лицо
563	382_селфи_в_машине_031c1f8cfc7b7cff.jpg	bad	очки
564	383_селфи_в_машине_2e7c2401f95979ff.jpg	ok	брак
565	384_селфи_в_машине_fcfee0603101f7ff.jpg	bad	очки
566	388_девушка_эстетика_1e1e1c07c300dcff.jpg	bad	профиль
567	389_девушка_эстетика_3010e0e0f3f3f7ff.jpg	bad	мелкое_лицо
568	391_девушка_эстетика_e0e4e0c0c3cec8f8.png	bad	закрытые_глаза
569	396_девушка_эстетика_7e7f7f3063622e00.jpg	bad	закрытые_глаза
570	397_девушка_эстетика_080c6e1f1fea07ff.jpg	bad	лица_нет
571	400_девушка_эстетика_0000e7e7c3c2dbff.jpg	bad	лица_нет
572	401_девушка_эстетика_010d01c3c38f83c7.png	bad	рамка
573	402_девушка_эстетика_8be0e8ecbf9b83c3.jpg	bad	закрытые_глаза
574	405_девушка_эстетика_7e7d7d3e3e1c0000.jpg	bad	студия
575	412_девушка_тумблер_38f0e089f1f3e786.jpg	bad	закрытые_глаза
576	413_девушка_тумблер_f0f0f03c3c3c3c00.jpg	bad	рука_на_лице
577	414_девушка_тумблер_018383c3efefe3ff.jpg	bad	закрытые_глаза
578	417_девушка_тумблер_c2438181c3efcfdf.jpg	bad	лица_нет
579	418_девушка_тумблер_00008787dfdfffff.jpg	ok	брак
580	420_девушка_тумблер_9080808c247870be.jpg	ok	брак
581	421_девушка_тумблер_00712081e2f3f3f3.jpg	bad	мелкое_лицо
582	422_девушка_тумблер_0042c3c7c7c7c7ef.jpg	bad	очки
583	423_девушка_тумблер_310383033c00fbff.jpg	ok	брак
584	426_девушка_тумблер_0000c64767bc7dfc.png	bad	волосы_через_лицо
585	427_девушка_тумблер_67e70703070787c7.jpg	ok	брак
586	428_девушка_тумблер_fefedcdddfa90000.jpg	ok	брак
587	431_девушка_тумблер_0103cb42e7e7f4fc.jpg	bad	мелкое_лицо
588	433_девушка_тумблер_4040880c3677f7f7.jpg	bad	закрытые_глаза
589	435_девушка_тумблер_001e1e1e1e1e1f08.jpg	ok	брак
590	436_девушка_тумблер_c3c2e4eded6f1f03.jpg	bad	телефон_на_лице
591	437_девушка_тумблер_7e6434340800faf8.jpg	ok	брак
592	443_эстетика_фото_девушка_034144df8fc74f1f.jpg	bad	закрытые_глаза
593	445_эстетика_фото_девушка_78d8dc12c0e0e0f0.jpg	bad	закрытые_глаза
594	447_альтушка_фото_0000000c7c7f7f7f.jpg	bad	гримаса
595	448_альтушка_фото_dbc8e1c3c3c32327.jpg	bad	лица_нет
596	450_альтушка_фото_7f3e1c7973f1e1c0.jpg	ok	брак
597	451_альтушка_фото_f1f0f131b1b19bbb.webp	bad	коллаж
598	453_альтушка_фото_bcbc1800808899bb.jpg	bad	лица_нет
599	454_альтушка_фото_07030303075f5f5f.jpg	bad	мелкое_лицо
600	457_альтушка_фото_030000297f7f7ffd.jpg	bad	закрытые_глаза
601	460_альтушка_фото_01070d1e3e7f0f0c.jpg	bad	рука_на_лице
602	461_альтушка_фото_80c1c1d7fdf9f3e3.png	bad	профиль
603	465_альтушка_фото_ff0001011c1c1866.jpg	bad	надписи
604	466_альтушка_фото_0303838747c4ccff.jpg	ok	брак
605	467_альтушка_фото_0000056f7f5ff3ff.jpg	bad	мелкое_лицо
606	468_альтушка_фото_fec3c1c3c382fbff.jpg	bad	коллаж
607	470_альтушка_фото_0101030387e7f7ff.jpg	bad	тяжелый_фильтр
608	472_альтушка_фото_2020d6fff9d8f0c1.jpg	bad	закрытые_глаза
609	474_девушка_в_свитере_c0c08080c0cce4f3.jpg	bad	одежда_на_лице
610	476_девушка_в_свитере_f9f0e8f8f0d0d0c0.png	ok	брак
611	477_девушка_в_свитере_3c3c3e3e94948080.jpg	bad	закрытые_глаза
612	478_девушка_в_свитере_f0e0e8e0f1f1f1f9.png	bad	мелкое_лицо
613	479_девушка_в_свитере_200387c0c0e3f7ff.jpg	bad	мелкое_лицо
614	480_девушка_в_свитере_013c7c7c78707060.jpg	bad	мелкое_лицо
615	482_девушка_в_свитере_87fba70707070707.jpg	ok	брак
616	486_девушка_в_свитере_00f0f1f3f7d78f8f.jpg	bad	мелкое_лицо
617	487_девушка_в_свитере_000011f1f9ffe7ef.jpg	bad	мелкое_лицо
618	488_девушка_в_свитере_c7fffffcf8c040c0.jpg	bad	мелкое_лицо
619	489_девушка_в_свитере_f95b3b0107070f3f.jpg	bad	мелкое_лицо
620	490_девушка_в_свитере_081098fefcee497d.jpg	bad	мелкое_лицо
621	491_девушка_в_свитере_2707436377670777.jpg	bad	предмет_на_лице
622	492_девушка_в_свитере_00040c0000273737.jpg	bad	лица_нет
623	494_девушка_в_свитере_c7c7e3e3f3e7c3e7.jpg	bad	лица_нет
624	495_девушка_в_свитере_0180f8f8f9e3e2f6.jpg	bad	мелкое_лицо
625	498_девушка_в_свитере_80c080c0c0f8f8f8.jpg	bad	одежда_на_лице
626	500_девушка_в_свитере_fffdf1e383c3c3e3.png	bad	нейро
627	501_девушка_в_кофейне_302839b083bb8180.jpg	bad	нейро
628	504_девушка_в_кофейне_00f878b8b8f4fdc5.jpg	bad	очки
629	505_девушка_в_кофейне_187efe7e18580006.jpg	bad	нейро
630	508_девушка_в_кофейне_01ff2620220b0707.jpg	bad	мелкое_лицо
631	510_девушка_в_кофейне_ffe600008083bbb1.jpg	bad	нейро
632	513_девушка_в_кофейне_0036c0c040cffcf0.jpg	bad	мелкое_лицо
633	514_девушка_в_кофейне_d3000080e0f3f0fd.jpg	bad	предмет_на_лице
634	515_девушка_в_кофейне_7cf8f0700160e4f4.jpg	bad	мелкое_лицо
635	516_девушка_в_кофейне_1f8fd83b3d181800.jpg	bad	мелкое_лицо
636	518_девушка_в_кофейне_600000c0f8f0fefe.jpg	bad	нейро
637	521_девушка_в_кофейне_1b074818987e3e1e.jpg	bad	нейро
638	523_девушка_в_кофейне_81878f878cbfbdbf.jpg	bad	мелкое_лицо
639	524_девушка_в_кофейне_13ff09010969f9e9.jpg	bad	нейро
640	525_девушка_в_кофейне_77023e3fef0f0701.jpg	bad	предмет_на_лице
641	529_девушка_в_кафе_ffffce7720100000.jpg	bad	нейро
642	530_девушка_в_кафе_ff3f01002b2b6b2b.jpg	bad	нейро
643	535_девушка_в_кафе_20407eaf0910fe1f.jpg	bad	очки
644	536_девушка_в_кафе_63c440424d2f7f6f.jpg	bad	нейро
645	537_девушка_каре_стиль_1839991939b99bc7.jpg	bad	нейро
646	538_девушка_каре_стиль_0081e18b89c3ffff.webp	bad	нейро
647	539_девушка_каре_стиль_8187cfcf0d0583ff.webp	bad	профиль
648	540_девушка_каре_стиль_8080c01099d3e7ff.jpg	bad	нейро
649	541_девушка_каре_стиль_80c0d8d8681898fc.jpg	bad	очки
650	542_девушка_каре_стиль_001c1e1c3e189efe.jpg	bad	нейро
651	543_девушка_каре_стиль_fffee4000080eefe.jpg	bad	нейро
652	544_девушка_каре_стиль_01010101f0feffff.jpg	bad	нейро
653	545_девушка_каре_стиль_040d0df9ffff9f01.jpg	bad	закрытые_глаза
654	546_девушка_каре_стиль_8282bafafafefe00.jpg	bad	нейро
655	547_девушка_каре_стиль_000080b831a1ffff.jpg	bad	нейро
656	548_девушка_каре_стиль_9cfd99199d89c1e7.jpg	bad	нейро
657	549_девушка_каре_стиль_1c047f98980163ff.jpg	bad	нейро
658	550_девушка_каре_стиль_0008d9df9b8bcbe7.jpg	bad	нейро
659	552_девушка_каре_стиль_616101097973737b.jpg	bad	мелкое_лицо
660	553_девушка_каре_стиль_03878f9bb909407c.jpg	bad	нейро
661	554_девушка_каре_стиль_070303ffc70303c7.jpg	bad	водяной_знак
662	555_девушка_каре_стиль_071f3f1f0d0583ff.jpg	bad	нейро
663	556_девушка_каре_стиль_236141e1f5193860.jpg	bad	мелкое_лицо
664	557_девушка_каре_стиль_000083df9e0e85c7.jpg	bad	нейро
665	558_девушка_каре_стиль_001de7b0bfbfffff.jpg	bad	нейро
666	559_девушка_каре_стиль_80808020ddebf7ff.jpg	bad	нейро
667	560_девушка_каре_стиль_fcf8f0a0c1cbc3c7.png	bad	нейро
668	561_девушка_каре_стиль_7c03079f870f0787.jpg	bad	надписи
669	562_девушка_каре_стиль_0080e1f99d8de3ff.png	bad	нейро
670	563_девушка_каре_стиль_0000000999d3e3ff.png	bad	очки
671	564_девушка_каре_стиль_0303070f1919cbff.jpg	bad	нейро
672	565_девушка_каре_стиль_0313170407074f5f.jpg	bad	очки
673	566_девушка_каре_стиль_078786c6c1edcddd.jpg	bad	очки
674	567_каре_девушка_00008bcbcfe7f300.jpg	bad	нейро
675	568_каре_девушка_fbcf8f030b8383c7.jpg	bad	нейро
676	569_каре_девушка_000080fdbdc1c100.jpg	bad	скриншот
677	570_каре_девушка_0004cefe28fbeb73.jpg	bad	очки
678	571_каре_девушка_92c0c0c8dccdc1f3.jpg	ok	брак
679	573_каре_девушка_e1f0e1b97db981e7.jpg	bad	надписи
680	574_каре_девушка_ffffff1f191991c3.jpg	ok	брак
681	575_каре_девушка_03031dffdb1bc300.png	bad	скриншот
682	576_каре_девушка_9f9ef8d0d1f3c0c0.jpg	bad	нейро
683	577_каре_девушка_808991f39181e7ff.webp	ok	брак
684	578_каре_девушка_000fcf999899dbe7.jpg	bad	нейро
685	579_каре_девушка_00047e7e7e7e3e1c.jpg	ok	брак
686	581_каре_девушка_43430307078f83cb.png	bad	профиль
687	582_каре_девушка_ffffcf8c8ec5c1f3.jpg	bad	студия
688	584_каре_девушка_fbf9c1c159d8c840.jpg	ok	брак
689	585_каре_девушка_8080f8111999dbc3.jpg	bad	волосы_через_лицо
690	586_каре_девушка_0707c7c39b8383c7.jpg	bad	нейро
691	587_каре_девушка_c7c7c7cacccc0000.jpg	ok	брак
692	588_каре_девушка_00003076c33377ff.png	bad	скриншот
693	589_девушка_со_стрелками_8080f03f39f9ebf7.jpg	bad	кроп_лица
694	590_девушка_со_стрелками_0ef6f3f8dedc98c0.jpg	ok	брак
695	592_девушка_со_стрелками_ffff78383c3c1c00.jpg	ok	брак
696	593_девушка_со_стрелками_4040e0c9cddffbff.jpg	ok	брак
697	594_девушка_со_стрелками_d9fdff3c183d3b03.jpg	ok	брак
698	595_девушка_со_стрелками_fcfccc8ebee6cefe.jpg	bad	кроп_лица
699	596_девушка_со_стрелками_f1f9e3839d9d8d83.jpg	ok	брак
700	597_девушка_со_стрелками_26c0deffbe3e3c3c.jpg	ok	брак
701	598_девушка_со_стрелками_f6703c1c3c1e8e00.jpg	ok	брак
702	599_девушка_со_стрелками_3f1f193139793b73.jpg	ok	брак
703	602_девушка_со_стрелками_ffe78181ffc1c3ff.jpg	bad	кроп_лица
704	603_девушка_со_стрелками_fe7f1f1f3f3f3f07.jpg	ok	брак
705	604_девушка_со_стрелками_fc8c813c7c3c3830.jpg	ok	брак
706	606_девушка_со_стрелками_7831bf3f7e361f07.jpg	ok	брак
707	607_девушка_со_стрелками_0f0f7f3ff7fc3000.jpg	bad	закрытые_глаза
708	610_девушка_со_стрелками_f1f31f1c8c84c1ff.jpg	ok	брак
709	611_девушка_со_стрелками_cfc9d9fdf9b3c700.jpg	bad	надписи
710	612_девушка_со_стрелками_21741e1f1b87e0ff.jpg	ok	брак
711	613_девушка_со_стрелками_600d397fcc6c7e01.jpg	ok	брак
712	614_девушка_со_стрелками_7838387c7c7c3800.jpg	ok	брак
713	615_девушка_со_стрелками_0001fbfffdbf1c00.jpg	ok	брак
714	616_девушка_со_стрелками_0fcff3bdb9f9d9f1.jpg	bad	профиль
715	621_девушка_блондинка_эстетика_003a089dfffff7e3.jpg	bad	рука_на_лице
716	639_девушка_блондинка_эстетика_68fdfb7a7e3c3c08.jpg	ok	брак
717	643_девушка_блондинка_эстетика_f8400283c3c3cbe7.jpg	bad	студия
718	682_аутфит_девушка_лето_80e0f0d9fde7e7e7.jpg	bad	очки
719	685_аутфит_девушка_лето_073f3c142044eee2.jpg	bad	очки
720	714_аутфит_девушка_осень_f7ffc7e34000c0c8.jpg	bad	мелкое_лицо
721	742_образ_на_каждый_день_девушка_383cffdc3c00033f.webp	bad	мелкое_лицо
722	765_позы_для_фото_девушке_fff7f320221c1c0c.jpg	bad	мелкое_лицо
723	786_макияж_на_каждый_день_девушка_0070f9fdfcbe89e3.jpg	ok	брак
724	787_макияж_на_каждый_день_девушка_ff7f093fbe2e1e00.jpg	ok	брак
725	788_макияж_на_каждый_день_девушка_fff8fcfd18391183.png	ok	брак
726	790_макияж_на_каждый_день_девушка_1e18183c3e3e3e9c.jpg	bad	закрытые_глаза
727	791_макияж_на_каждый_день_девушка_fd383fbbff2c1c01.jpg	ok	брак
728	792_макияж_на_каждый_день_девушка_ddba181c3c1c9883.jpg	ok	брак
729	793_макияж_на_каждый_день_девушка_ff1c78787c783800.jpg	ok	брак
730	795_макияж_на_каждый_день_девушка_3999999d9d99d9e3.jpg	ok	брак
731	796_макияж_на_каждый_день_девушка_0010f3f3dbdbc3ff.png	ok	брак
732	797_макияж_на_каждый_день_девушка_e0e7617c7c9ec0e0.jpg	ok	брак
733	798_макияж_на_каждый_день_девушка_3c383c3e3e3e1f83.jpg	ok	брак
734	799_макияж_на_каждый_день_девушка_34183c7e5c5e7f0c.jpg	ok	брак
735	800_макияж_на_каждый_день_девушка_f8f83c7c7cfcd9f3.jpg	bad	закрытые_глаза
736	801_макияж_на_каждый_день_девушка_030b8fdbbfb9b983.jpg	ok	брак
737	802_макияж_на_каждый_день_девушка_3e1c18199d9d8dc3.jpg	bad	водяной_знак
738	803_макияж_на_каждый_день_девушка_ff1f1c3c3e1c1d89.png	ok	брак
739	804_макияж_на_каждый_день_девушка_001899fffffdffc7.jpg	ok	брак
740	805_макияж_на_каждый_день_девушка_ff382466080c08ff.jpg	bad	рамка
741	806_макияж_на_каждый_день_девушка_7070f8fcf8fcf800.jpg	ok	брак
742	807_макияж_на_каждый_день_девушка_fffc183c3c303c00.jpg	ok	брак
743	808_макияж_на_каждый_день_девушка_2078787cfc3c3d11.png	ok	брак
744	809_макияж_на_каждый_день_девушка_d1c19b1b3b1b1373.jpg	bad	мелкое_лицо
745	810_макияж_на_каждый_день_девушка_f93c3c3e1e1e80c0.png	ok	брак
746	812_макияж_на_каждый_день_девушка_b03c3e3e3c370f0e.jpg	ok	брак
747	813_девушка_в_спальне_селфи_00fe3e03e3e7e7e7.jpg	bad	водяной_знак
748	814_девушка_в_спальне_селфи_070140406f7f7f7f.jpg	bad	мелкое_лицо
749	818_девушка_в_спальне_селфи_ff613f3f3c000000.jpg	bad	набок
750	820_девушка_в_спальне_селфи_e086c3e0f0f8fc7c.jpg	bad	набок
751	821_девушка_в_спальне_селфи_c0fe8f8f0e0f9ffb.jpg	bad	телефон_на_лице
752	833_селфи_в_зеркало_девушка_c30136b4c0c0fffb.jpg	bad	телефон_на_лице
753	834_селфи_в_зеркало_девушка_001109c6e2e7e7ff.jpg	bad	телефон_на_лице
754	836_селфи_в_зеркало_девушка_ff8138f000000000.jpg	bad	телефон_на_лице
755	840_селфи_в_зеркало_девушка_0202c2f6f6feff00.jpg	bad	мелкое_лицо
756	841_селфи_в_зеркало_девушка_b80000040c4d6fff.jpg	bad	телефон_на_лице
757	842_селфи_в_зеркало_девушка_068f072383cfdfff.jpg	bad	телефон_на_лице
758	846_селфи_в_зеркало_девушка_c347c1c1c5edfdfd.jpg	bad	телефон_на_лице
759	851_девушка_с_длинными_волосами_селфи_604060b0c1c3d3ef.jpg	ok	брак
760	852_девушка_с_длинными_волосами_селфи_434347c7c7c7c7cf.jpg	bad	телефон_на_лице
761	853_девушка_с_длинными_волосами_селфи_e3e2c2c2e8d8c8c0.jpg	bad	телефон_на_лице
762	854_девушка_с_длинными_волосами_селфи_e3e2e080e18191bf.jpg	bad	мелкое_лицо
763	857_девушка_с_длинными_волосами_селфи_0b030105131fbfff.jpg	ok	брак
764	858_девушка_с_длинными_волосами_селфи_8001018181f3fbf3.jpg	ok	брак
765	861_девушка_с_длинными_волосами_селфи_083d8fce4f6740c0.jpg	bad	мелкое_лицо
766	862_девушка_с_длинными_волосами_селфи_3c2c631e3c141e0c.jpg	bad	очки
767	863_девушка_с_длинными_волосами_селфи_fff9f8f0d0c1e1e1.jpg	bad	телефон_на_лице
768	868_девушка_с_длинными_волосами_селфи_000000062e3f3fff.jpg	bad	волосы_через_лицо
769	869_девушка_с_длинными_волосами_селфи_00000000b8f8f54f.jpg	ok	брак
770	871_девушка_с_длинными_волосами_селфи_070101070f2f3fff.jpg	bad	мелкое_лицо
771	872_селфи_девушка_7e7c3c11797b320c.jpg	ok	брак
772	873_селфи_девушка_7bfff6501c090100.jpg	ok	брак
773	875_селфи_девушка_7f7f3c0efee7e0e0.jpg	ok	брак
774	879_селфи_девушка_bf9bc8d8dcdccc80.jpg	ok	брак
775	880_селфи_девушка_1746c6060f0f2f3f.jpg	bad	мелкое_лицо
776	881_селфи_девушка_0b8ccdddedede380.jpg	ok	брак
777	882_селфи_девушка_83c78700f0e9e1e1.jpg	bad	телефон_на_лице
778	883_селфи_девушка_ff00e0f0f6feff00.jpg	bad	телефон_на_лице
779	884_селфи_девушка_0000e4f6fefcfcfc.jpg	bad	водяной_знак
780	885_селфи_девушка_060cce7e3c3d1c00.jpg	ok	брак
781	886_селфи_девушка_e78783c1cfedfdff.jpg	bad	мелкое_лицо
782	887_селфи_девушка_b4309b8988dc1808.jpg	ok	брак
783	889_домашнее_селфи_06041c3c3d7f0f0f.jpg	ok	брак
784	891_домашнее_селфи_fcf8e0c0b080010f.jpg	bad	гримаса
785	892_домашнее_селфи_c7c6c70d1f99c103.jpg	bad	телефон_на_лице
786	897_домашнее_селфи_ffe7e70303031115.jpg	bad	мелкое_лицо
787	898_домашнее_селфи_00808282b2f7ffff.jpg	bad	телефон_на_лице
788	900_домашнее_селфи_e0e0e6e4e4e3e3e3.jpg	bad	телефон_на_лице
789	901_домашнее_селфи_3c1d9d8f83858383.jpg	bad	телефон_на_лице
790	905_вечернее_селфи_a040002313e7f2e0.jpg	bad	рука_на_лице
791	907_вечернее_селфи_81dfc7c7e78387df.jpg	bad	коллаж
792	918_уличное_селфи_00094b0fc3e1f0f8.jpg	bad	второй_человек
793	919_уличное_селфи_6088c1cbfefcf8e3.jpg	bad	мелкое_лицо
794	920_уличное_селфи_c10383c705163f0f.jpg	bad	волосы_через_лицо
795	921_уличное_селфи_c040e0200577ffff.jpg	bad	очки
796	925_уличное_селфи_fff7c74f3e0e0000.jpg	bad	второй_человек
797	928_уличное_селфи_8f8f0104043ffbff.jpg	bad	мужчина
798	929_уличное_селфи_ef8080400070ffff.jpg	bad	мужчина
799	931_уличное_селфи_008e080087c7ffff.jpg	bad	второй_человек
800	932_уличное_селфи_f8f8f8fe5e4a0400.jpg	bad	мужчина
801	933_уличное_селфи_0f0f0f0f0720eeff.webp	bad	очки
802	935_милое_селфи_3f0680818c0787c7.jpg	bad	телефон_на_лице
803	936_милое_селфи_1f1f1e3f07818000.jpg	bad	второй_человек
804	938_милое_селфи_1b9a10407af9e9e3.jpg	ok	брак
805	940_милое_селфи_018088c0c8ddffff.jpg	bad	второй_человек
806	941_милое_селфи_7f0f181c1c181800.jpg	ok	брак
807	942_милое_селфи_783030109cde3eb7.jpg	ok	брак
808	943_милое_селфи_f1fbe3393c140e0f.jpg	ok	брак
809	944_милое_селфи_8c8c888099999bc3.jpg	ok	брак
810	946_милое_селфи_008287c7fbfb2200.jpg	ok	брак
811	947_милое_селфи_08199991d9c9d3c3.jpg	bad	мужчина
812	948_милое_селфи_e1f1f1f0e8e8c8e8.jpg	ok	брак
813	949_милое_селфи_2000091c1c5cdcd8.jpg	ok	брак
814	950_милое_селфи_0000e0b0b8f97b00.jpg	ok	брак
815	952_нежное_селфи_f0f0b4f9d1d8cfcf.jpg	bad	коллаж
816	954_нежное_селфи_000080f0fcecf4f8.jpg	ok	брак
817	955_нежное_селфи_ff000fcfe7c3e100.jpg	bad	скриншот
818	956_нежное_селфи_0119981c1e1efe18.jpg	ok	брак
819	959_нежное_селфи_3f3f0581858587cf.jpg	bad	телефон_на_лице
820	960_нежное_селфи_e1cbe3fd194dc1f3.png	bad	предмет_на_лице
821	963_нежное_селфи_fffe0203000430ff.jpg	bad	мужчина
822	964_нежное_селфи_fbffff0202c381df.jpg	bad	мужчина
823	965_нежное_селфи_c38303038381ffff.jpg	bad	мужчина
824	966_нежное_селфи_8ec1e1e4f0f1f9fc.jpg	bad	закрытые_глаза
825	967_зимнее_селфи_e7ff7f300080dede.jpg	ok	брак
826	969_зимнее_селфи_018000c3e7677fff.jpg	bad	предмет_на_лице
827	970_зимнее_селфи_c5c583c3c7c7efc7.jpg	bad	очки
828	971_зимнее_селфи_9d997fffc040e0f0.jpg	bad	маска
829	973_зимнее_селфи_c0c0d3834201cffe.jpg	bad	мелкое_лицо
830	974_зимнее_селфи_c98189d9c1e37f7e.jpg	bad	рука_на_лице
831	975_зимнее_селфи_ffc10002033bffff.jpg	ok	брак
832	976_зимнее_селфи_c2c3c77726928600.jpg	bad	мелкое_лицо
833	978_зимнее_селфи_e7efac0010103c3c.jpg	bad	одежда_на_лице
834	982_зимнее_селфи_0080c041dfdedeff.jpg	bad	мелкое_лицо
835	985_зимнее_селфи_01010183dfedf1ff.jpg	ok	брак
836	987_осеннее_селфи_c361f1e50060f83d.jpg	bad	мелкое_лицо
837	988_осеннее_селфи_7efefe3c18100000.jpg	bad	лист_на_лице
838	992_осеннее_селфи_e76fc300001f3e7d.jpg	bad	лист_на_лице
839	996_осеннее_селфи_19b8f8f0a13f1908.jpg	bad	мелкое_лицо
840	997_осеннее_селфи_00c21e1caafbff97.png	bad	лист_на_лице
841	999_осеннее_селфи_7fff3f3c1c180000.jpg	bad	лист_на_лице
